{
  "name": "secure-tab-manager-extension",
  "version": "1.0.0",
  "description": "Browser extension for Secure Tab Manager",
  "scripts": {
    "build": "webpack --config webpack.config.js",
    "build:prod": "webpack --config webpack.config.js --mode production",
    "watch": "webpack --config webpack.config.js --watch",
    "test": "jest"
  },
  "dependencies": {
    "react": "^17.0.2",
    "react-dom": "^17.0.2",
    "webextension-polyfill": "^0.9.0"
  },
  "devDependencies": {
    "@babel/core": "^7.15.0",
    "@babel/preset-env": "^7.15.0",
    "@babel/preset-react": "^7.14.5",
    "babel-loader": "^8.2.2",
    "copy-webpack-plugin": "^9.0.1",
    "css-loader": "^6.2.0",
    "style-loader": "^3.2.1",
    "webpack": "^5.50.0",
    "webpack-cli": "^4.8.0",
    "zip-webpack-plugin": "^4.0.1"
  }
}
