{
  "manifest_version": 2,
  "name": "Secure Tab Manager",
  "version": "1.0.0",
  "description": "A secure web app for managing tabs, creating knowledge bases, and communicating between tabs.",
  "permissions": [
    "tabs",
    "storage",
    "activeTab",
    "<all_urls>"
  ],
  "background": {
    "scripts": ["background.js"],
    "persistent": false
  },
  "browser_action": {
    "default_popup": "popup.html",
    "default_icon": {
      "16": "icons/icon16.png",
      "48": "icons/icon48.png",
      "128": "icons/icon128.png"
    }
  },
  "content_scripts": [
    {
      "matches": ["<all_urls>"],
      "js": ["content.js"]
    }
  ],
  "options_page": "options.html",
  "icons": {
    "16": "icons/icon16.png",
    "48": "icons/icon48.png",
    "128": "icons/icon128.png"
  }
}
